"subID","age","sex"
1,30.6883828984774,"F"
2,28.3338433246747,"M"
3,33.6558433019063,"M"
4,35.5196894753461,"M"
5,32.434154701686,"M"
6,28.1471167939441,"F"
7,30.535863708982,"M"
8,30.1385058447326,"F"
9,31.2657009682575,"F"
10,25.1844513266537,"M"
11,24.4326682666085,"F"
12,28.8383583017685,"F"
13,31.1209886504748,"F"
14,31.2060331723043,"M"
15,24.6625193268891,"F"
16,27.7852195471931,"F"
17,30.3601799436716,"F"
18,28.9188320649577,"F"
19,29.4117173377851,"M"
20,32.0535297902381,"F"
